{"framework":"apd-framework-8.4.6","title":"Pomoc Albumu z czcionkami","build_id":"537e483d680ce2cf3204df55","icon":"..\/GlobalArt\/AppIconDefault_FontBook.png","sections":{},"birdseed_version":3,"toc":["fntbcc65037b","fntbk1000","fntbk1003","fb34860","fntbk1001","fntb2bcb512d"],"locale":"pl","version":"10.10","enable_tracking":false,"source_schema":"apd-schema","platform":"mac","design":"default","build_date":"2014.05.22-11:57:03","landing":"fntbede246a6","product":"fontbook","urls":{},"copyright":"","topics":{"fb34860":{"name":"Tworzenie zbiorów i bibliotek","href":"fb34860.html","unavailable":true},"fntbk1014":{"name":"Eksportowanie czcionek z Albumu z czcionkami","href":"fntbk1014.html","unavailable":true},"fntbk1004":{"name":"Preferencje Albumu z czcionkami","href":"fntbk1004.html","unavailable":true},"fntbk1000":{"name":"Instalowanie i przeglądanie czcionek","href":"fntbk1000.html","unavailable":true},"fntbede246a6":{"name":"Pomoc Albumu z czcionkami","href":"fntbede246a6.html","categories":["landing"]},"fntbcc65037b":{"name":"Album z czcionkami — przegląd","href":"fntbcc65037b.html","unavailable":true},"fntbk1003":{"name":"Sprawdzanie poprawności czcionek","href":"fntbk1003.html","unavailable":true},"fntbk1001":{"name":"Drukowanie czcionek","href":"fntbk1001.html","unavailable":true},"fb34862":{"name":"Gdy nie można rozwiązać problemu z czcionką","href":"fb34862.html","unavailable":true},"fntb2bcb512d":{"name":"Usuwanie i wyłączanie czcionek","href":"fntb2bcb512d.html","unavailable":true}},"copyright_text":"© 2014 Apple Inc. Wszystkie prawa zastrzeżone.","css":""}