{"framework":"apd-framework-8.4.6","title":"Βοήθεια για το Βιβλίο γραμματοσειρών","build_id":"537e483d680ce2cf3204df5e","icon":"..\/GlobalArt\/AppIconDefault_FontBook.png","sections":{},"birdseed_version":3,"toc":["fntbcc65037b","fntbk1000","fntbk1003","fb34860","fntbk1001","fntb2bcb512d"],"locale":"el","version":"10.10","enable_tracking":false,"source_schema":"apd-schema","platform":"mac","design":"default","build_date":"2014.05.22-12:03:57","landing":"fntbede246a6","product":"fontbook","urls":{},"copyright":"","topics":{"fb34860":{"name":"Δημιουργία συλλογών και βιβλιοθηκών","href":"fb34860.html","unavailable":true},"fntbk1014":{"name":"Εξαγωγή γραμματοσειρών από το Βιβλίο γραμματοσειρών","href":"fntbk1014.html","unavailable":true},"fntbk1004":{"name":"Βοήθεια για το Βιβλίο γραμματοσειρών","href":"fntbk1004.html","unavailable":true},"fntbk1000":{"name":"Εγκατάσταση και προβολή γραμματοσειρών","href":"fntbk1000.html","unavailable":true},"fntbede246a6":{"name":"Βοήθεια για το Βιβλίο γραμματοσειρών","href":"fntbede246a6.html","categories":["landing"]},"fntbcc65037b":{"name":"Επισκόπηση του Βιβλίου γραμματοσειρών","href":"fntbcc65037b.html","unavailable":true},"fntbk1003":{"name":"Επικύρωση γραμματοσειρών","href":"fntbk1003.html","unavailable":true},"fntbk1001":{"name":"Εκτύπωση γραμματοσειρών","href":"fntbk1001.html","unavailable":true},"fb34862":{"name":"Εάν δεν μπορείτε να επιλύσετε προβλήματα γραμματοσειρών","href":"fb34862.html","unavailable":true},"fntb2bcb512d":{"name":"Αφαίρεση ή απενεργοποίηση γραμματοσειρών","href":"fntb2bcb512d.html","unavailable":true}},"copyright_text":"© 2014 Apple Inc. Με επιφύλαξη κάθε δικαιώματος.","css":""}