{"framework":"apd-framework-8.4.6","title":"Font Book ヘルプ","build_id":"537e4846680ce2cf3204dfdc","icon":"..\/GlobalArt\/AppIconDefault_FontBook.png","sections":{},"birdseed_version":3,"toc":["fntbcc65037b","fntbk1000","fntbk1003","fb34860","fntbk1001","fntb2bcb512d"],"locale":"ja","version":"10.10","enable_tracking":false,"source_schema":"apd-schema","platform":"mac","design":"default","build_date":"2014.05.22-11:57:49","landing":"fntbede246a6","product":"fontbook","urls":{},"copyright":"","topics":{"fb34860":{"name":"コレクションとフォントライブラリを作成する","href":"fb34860.html","unavailable":true},"fntbk1014":{"name":"「Font Book」からフォントを書き出す","href":"fntbk1014.html","unavailable":true},"fntbk1004":{"name":"「Font Book」の環境設定","href":"fntbk1004.html","unavailable":true},"fntbk1000":{"name":"フォントをインストールまたは表示する","href":"fntbk1000.html","unavailable":true},"fntbede246a6":{"name":"Font Book ヘルプ","href":"fntbede246a6.html","categories":["landing"]},"fntbcc65037b":{"name":"Font Book の概要","href":"fntbcc65037b.html","unavailable":true},"fntbk1003":{"name":"フォントを検証する","href":"fntbk1003.html","unavailable":true},"fntbk1001":{"name":"フォントをプリントする","href":"fntbk1001.html","unavailable":true},"fb34862":{"name":"フォントの問題を解決できない場合","href":"fb34862.html","unavailable":true},"fntb2bcb512d":{"name":"フォントを削除／無効化する","href":"fntb2bcb512d.html","unavailable":true}},"copyright_text":"© 2014 Apple Inc. All rights reserved.","css":""}