{"framework":"apd-framework-8.6.1","title":"Ajuda Catálogo de Fontes","build_id":"53fb8c410946226f4cd30fea","icon":"..\/GlobalArt\/AppIconDefault_FontBook.png","sections":{},"birdseed_version":3,"toc":["fntbcc65037b","fntbk1000","fntbk1003","fb34860","fntbk1001","fntb2bcb512d"],"locale":"pt-br","version":"10.10","enable_tracking":false,"source_schema":"apd-schema","platform":"mac","design":"default","build_date":"2014.08.25-12:21:31","landing":"fntbede246a6","product":"fontbook","urls":{},"copyright":"","topics":{"fb34860":{"name":"Crie coleções e bibliotecas","href":"fb34860.html","unavailable":true},"fntbk1014":{"name":"Exporte fontes do Catálogo de Fontes","href":"fntbk1014.html","unavailable":true},"fntbk1004":{"name":"Preferências do Catálogo de Fontes","href":"fntbk1004.html","unavailable":true},"fntbk1000":{"name":"Instale e visualize fontes","href":"fntbk1000.html","unavailable":true},"fntbede246a6":{"name":"Ajuda Catálogo de Fontes","href":"fntbede246a6.html","categories":["landing"]},"fntbcc65037b":{"name":"Visão geral do Catálogo de Fontes","href":"fntbcc65037b.html","unavailable":true},"fntbk1003":{"name":"Valide fontes","href":"fntbk1003.html","unavailable":true},"fntbk1001":{"name":"Imprima fontes","href":"fntbk1001.html","unavailable":true},"fb34862":{"name":"Restaure as fontes padrão","href":"fb34862.html","unavailable":true},"fntb2bcb512d":{"name":"Remova ou desative fontes","href":"fntb2bcb512d.html","unavailable":true}},"copyright_text":"© 2014 Apple Inc. Todos os direitos reservados.","css":""}