{"framework":"apd-framework-8.4.6","title":"Typsnittsbok Hjälp","build_id":"537e483c680ce2cf3204df4c","icon":"..\/GlobalArt\/AppIconDefault_FontBook.png","sections":{},"birdseed_version":3,"toc":["fntbcc65037b","fntbk1000","fntbk1003","fb34860","fntbk1001","fntb2bcb512d"],"locale":"sv","version":"10.10","enable_tracking":false,"source_schema":"apd-schema","platform":"mac","design":"default","build_date":"2014.05.22-11:57:01","landing":"fntbede246a6","product":"fontbook","urls":{},"copyright":"","topics":{"fb34860":{"name":"Skapa samlingar och bibliotek","href":"fb34860.html","unavailable":true},"fntbk1014":{"name":"Exportera typsnitt från Typsnittsbok","href":"fntbk1014.html","unavailable":true},"fntbk1004":{"name":"Inställningar i Typsnittsbok","href":"fntbk1004.html","unavailable":true},"fntbk1000":{"name":"Installera och visa typsnitt","href":"fntbk1000.html","unavailable":true},"fntbede246a6":{"name":"Typsnittsbok Hjälp","href":"fntbede246a6.html","categories":["landing"]},"fntbcc65037b":{"name":"Typsnittsbok i översikt","href":"fntbcc65037b.html","unavailable":true},"fntbk1003":{"name":"Kontrollera typsnitt","href":"fntbk1003.html","unavailable":true},"fntbk1001":{"name":"Skriva ut typsnitt","href":"fntbk1001.html","unavailable":true},"fb34862":{"name":"Om du inte kan lösa ett typsnittsproblem","href":"fb34862.html","unavailable":true},"fntb2bcb512d":{"name":"Ta bort eller inaktivera typsnitt","href":"fntb2bcb512d.html","unavailable":true}},"copyright_text":"© 2014 Apple Inc. Alla rättigheter förbehålls.","css":""}