{"framework":"apd-framework-8.4.6","title":"Aiuto Libro Font","build_id":"537e483f680ce2cf3204df70","icon":"..\/GlobalArt\/AppIconDefault_FontBook.png","sections":{},"birdseed_version":3,"toc":["fntbcc65037b","fntbk1000","fntbk1003","fb34860","fntbk1001","fntb2bcb512d"],"locale":"it","version":"10.10","enable_tracking":false,"source_schema":"apd-schema","platform":"mac","design":"default","build_date":"2014.05.22-11:57:14","landing":"fntbede246a6","product":"fontbook","urls":{},"copyright":"","topics":{"fb34860":{"name":"Creare collezioni e librerie","href":"fb34860.html","unavailable":true},"fntbk1014":{"name":"Esportare i font da Libro Font","href":"fntbk1014.html","unavailable":true},"fntbk1004":{"name":"Preferenze di Libro Font","href":"fntbk1004.html","unavailable":true},"fntbk1000":{"name":"Installare e visualizzare i font","href":"fntbk1000.html","unavailable":true},"fntbede246a6":{"name":"Aiuto Libro Font","href":"fntbede246a6.html","categories":["landing"]},"fntbcc65037b":{"name":"Panoramica Libro Font","href":"fntbcc65037b.html","unavailable":true},"fntbk1003":{"name":"Convalidare i font","href":"fntbk1003.html","unavailable":true},"fntbk1001":{"name":"Stampare i font","href":"fntbk1001.html","unavailable":true},"fb34862":{"name":"Se non riesci a risolvere i problemi con i font","href":"fb34862.html","unavailable":true},"fntb2bcb512d":{"name":"Rimuovere o disabilitare i font","href":"fntb2bcb512d.html","unavailable":true}},"copyright_text":"© 2014 Apple Inc. Tutti i diritti riservati.","css":""}