{"framework":"apd-framework-8.4.6","title":"Ajutor Font Book","build_id":"537e4843680ce2cf3204dfaf","icon":"..\/GlobalArt\/AppIconDefault_FontBook.png","sections":{},"birdseed_version":3,"toc":["fntbcc65037b","fntbk1000","fntbk1003","fb34860","fntbk1001","fntb2bcb512d"],"locale":"ro","version":"10.10","enable_tracking":false,"source_schema":"apd-schema","platform":"mac","design":"default","build_date":"2014.05.22-12:04:28","landing":"fntbede246a6","product":"fontbook","urls":{},"copyright":"","topics":{"fb34860":{"name":"Crearea colecțiilor și bibliotecilor","href":"fb34860.html","unavailable":true},"fntbk1014":{"name":"Exportarea fonturilor din Font Book","href":"fntbk1014.html","unavailable":true},"fntbk1004":{"name":"Preferințele Font Book","href":"fntbk1004.html","unavailable":true},"fntbk1000":{"name":"Instalarea și vizualizarea fonturilor","href":"fntbk1000.html","unavailable":true},"fntbede246a6":{"name":"Ajutor Font Book","href":"fntbede246a6.html","categories":["landing"]},"fntbcc65037b":{"name":"Privire de ansamblu Font Book","href":"fntbcc65037b.html","unavailable":true},"fntbk1003":{"name":"Validarea fonturilor","href":"fntbk1003.html","unavailable":true},"fntbk1001":{"name":"Tipărirea fonturilor","href":"fntbk1001.html","unavailable":true},"fb34862":{"name":"Dacă nu puteți rezolva problemele legate de fonturi","href":"fb34862.html","unavailable":true},"fntb2bcb512d":{"name":"Eliminarea sau dezactivarea fonturilor","href":"fntb2bcb512d.html","unavailable":true}},"copyright_text":"© 2014 Apple Inc. Toate drepturile rezervate.","css":""}