{"framework":"apd-framework-8.4.6","title":"Font İzlencesi Yardım","build_id":"537e4837680ce2cf3204defb","icon":"..\/GlobalArt\/AppIconDefault_FontBook.png","sections":{},"birdseed_version":3,"toc":["fntbcc65037b","fntbk1000","fntbk1003","fb34860","fntbk1001","fntb2bcb512d"],"locale":"tr","version":"10.10","enable_tracking":false,"source_schema":"apd-schema","platform":"mac","design":"default","build_date":"2014.05.22-11:56:31","landing":"fntbede246a6","product":"fontbook","urls":{},"copyright":"","topics":{"fb34860":{"name":"Create collections and libraries","href":"fb34860.html","unavailable":true},"fntbk1014":{"name":"Font İzlencesi’nde fontları dışa aktarma","href":"fntbk1014.html","unavailable":true},"fntbk1004":{"name":"Font İzlencesi tercihleri","href":"fntbk1004.html","unavailable":true},"fntbk1000":{"name":"Install and view fonts","href":"fntbk1000.html","unavailable":true},"fntbede246a6":{"name":"Font İzlencesi Yardım","href":"fntbede246a6.html","categories":["landing"]},"fntbcc65037b":{"name":"Font Book overview","href":"fntbcc65037b.html","unavailable":true},"fntbk1003":{"name":"Fontları Doğrula","href":"fntbk1003.html","unavailable":true},"fntbk1001":{"name":"Print fonts","href":"fntbk1001.html","unavailable":true},"fb34862":{"name":"Font sorunlarını çözemiyorsanız","href":"fb34862.html","unavailable":true},"fntb2bcb512d":{"name":"Remove or disable fonts","href":"fntb2bcb512d.html","unavailable":true}},"copyright_text":"© 2014 Apple Inc. Tüm hakları saklıdır.","css":""}