{"framework":"apd-framework-8.4.6","title":"Pomoć za Knjigu fontova","build_id":"537e4844680ce2cf3204dfb8","icon":"..\/GlobalArt\/AppIconDefault_FontBook.png","sections":{},"birdseed_version":3,"toc":["fntbcc65037b","fntbk1000","fntbk1003","fb34860","fntbk1001","fntb2bcb512d"],"locale":"hr","version":"10.10","enable_tracking":false,"source_schema":"apd-schema","platform":"mac","design":"default","build_date":"2014.05.22-11:57:36","landing":"fntbede246a6","product":"fontbook","urls":{},"copyright":"","topics":{"fb34860":{"name":"Izrada kolekcija i medijateka","href":"fb34860.html","unavailable":true},"fntbk1014":{"name":"Eksportiranje fontova iz Knjige fontova","href":"fntbk1014.html","unavailable":true},"fntbk1004":{"name":"Postavke Knjige fontova","href":"fntbk1004.html","unavailable":true},"fntbk1000":{"name":"Instaliranje i pregledavanje fontova","href":"fntbk1000.html","unavailable":true},"fntbede246a6":{"name":"Pomoć za Knjigu fontova","href":"fntbede246a6.html","categories":["landing"]},"fntbcc65037b":{"name":"Pregled Knjige fontova","href":"fntbcc65037b.html","unavailable":true},"fntbk1003":{"name":"Provjera valjanosti fontova","href":"fntbk1003.html","unavailable":true},"fntbk1001":{"name":"Ispis fontova","href":"fntbk1001.html","unavailable":true},"fb34862":{"name":"Ako ne možete riješiti probleme s fontovima","href":"fb34862.html","unavailable":true},"fntb2bcb512d":{"name":"Uklanjanje ili onemogućavanje fontova","href":"fntb2bcb512d.html","unavailable":true}},"copyright_text":"© 2014 Apple Inc. Sva prava pridržana.","css":""}