{"framework":"apd-framework-8.4.6","title":"字体册帮助","build_id":"537e4840680ce2cf3204df82","icon":"..\/GlobalArt\/AppIconDefault_FontBook.png","sections":{},"birdseed_version":3,"toc":["fntbcc65037b","fntbk1000","fntbk1003","fb34860","fntbk1001","fntb2bcb512d"],"locale":"zh-cn","version":"10.10","enable_tracking":false,"source_schema":"apd-schema","platform":"mac","design":"default","build_date":"2014.05.22-11:57:19","landing":"fntbede246a6","product":"fontbook","urls":{},"copyright":"","topics":{"fb34860":{"name":"创建字体集和字体库","href":"fb34860.html","unavailable":true},"fntbk1014":{"name":"从“字体册”导出字体","href":"fntbk1014.html","unavailable":true},"fntbk1004":{"name":"字体册偏好设置","href":"fntbk1004.html","unavailable":true},"fntbk1000":{"name":"安装和查看字体","href":"fntbk1000.html","unavailable":true},"fntbede246a6":{"name":"字体册帮助","href":"fntbede246a6.html","categories":["landing"]},"fntbcc65037b":{"name":"字体册概览","href":"fntbcc65037b.html","unavailable":true},"fntbk1003":{"name":"验证字体","href":"fntbk1003.html","unavailable":true},"fntbk1001":{"name":"打印字体","href":"fntbk1001.html","unavailable":true},"fb34862":{"name":"如果不能解决字体问题","href":"fb34862.html","unavailable":true},"fntb2bcb512d":{"name":"移除或停用字体","href":"fntb2bcb512d.html","unavailable":true}},"copyright_text":"© 2014 Apple Inc. 保留一切权利。","css":""}