{"framework":"apd-framework-8.4.6","title":"Pomocník pre Knihu písiem","build_id":"537e483a680ce2cf3204df1f","icon":"..\/GlobalArt\/AppIconDefault_FontBook.png","sections":{},"birdseed_version":3,"toc":["fntbcc65037b","fntbk1000","fntbk1003","fb34860","fntbk1001","fntb2bcb512d"],"locale":"sk","version":"10.10","enable_tracking":false,"source_schema":"apd-schema","platform":"mac","design":"default","build_date":"2014.05.22-11:56:47","landing":"fntbede246a6","product":"fontbook","urls":{},"copyright":"","topics":{"fb34860":{"name":"Vytváranie zbierok a knižníc","href":"fb34860.html","unavailable":true},"fntbk1014":{"name":"Exportovanie písiem z Knihy písiem","href":"fntbk1014.html","unavailable":true},"fntbk1004":{"name":"Nastavenia knihy písiem","href":"fntbk1004.html","unavailable":true},"fntbk1000":{"name":"Inštalácia a prezeranie písiem","href":"fntbk1000.html","unavailable":true},"fntbede246a6":{"name":"Pomocník pre Knihu písiem","href":"fntbede246a6.html","categories":["landing"]},"fntbcc65037b":{"name":"Prehľad Knihy písiem","href":"fntbcc65037b.html","unavailable":true},"fntbk1003":{"name":"Overovanie písiem","href":"fntbk1003.html","unavailable":true},"fntbk1001":{"name":"Tlač písiem","href":"fntbk1001.html","unavailable":true},"fb34862":{"name":"Ak nedokážete vyriešiť problém s písmom","href":"fb34862.html","unavailable":true},"fntb2bcb512d":{"name":"Odstraňovanie a zakazovanie písiem","href":"fntb2bcb512d.html","unavailable":true}},"copyright_text":"© 2014 Apple Inc. Všetky práva vyhradené.","css":""}