{"framework":"apd-framework-8.4.6","title":"Aide Livre des polices","build_id":"537e483b680ce2cf3204df3a","icon":"..\/GlobalArt\/AppIconDefault_FontBook.png","sections":{},"birdseed_version":3,"toc":["fntbcc65037b","fntbk1000","fntbk1003","fb34860","fntbk1001","fntb2bcb512d"],"locale":"fr","version":"10.10","enable_tracking":false,"source_schema":"apd-schema","platform":"mac","design":"default","build_date":"2014.05.22-11:56:58","landing":"fntbede246a6","product":"fontbook","urls":{},"copyright":"","topics":{"fb34860":{"name":"Créer des collections et des bibliothèques","href":"fb34860.html","unavailable":true},"fntbk1014":{"name":"Exporter des polices à partir de Livre des polices","href":"fntbk1014.html","unavailable":true},"fntbk1004":{"name":"Préférences de Livre des polices","href":"fntbk1004.html","unavailable":true},"fntbk1000":{"name":"Installer et afficher des polices","href":"fntbk1000.html","unavailable":true},"fntbede246a6":{"name":"Aide Livre des polices","href":"fntbede246a6.html","categories":["landing"]},"fntbcc65037b":{"name":"Vue d’ensemble de Livre des polices","href":"fntbcc65037b.html","unavailable":true},"fntbk1003":{"name":"Valider des polices","href":"fntbk1003.html","unavailable":true},"fntbk1001":{"name":"Imprimer des polices","href":"fntbk1001.html","unavailable":true},"fb34862":{"name":"Si vous ne parvenez pas à résoudre les problèmes","href":"fb34862.html","unavailable":true},"fntb2bcb512d":{"name":"Supprimer ou désactiver des polices","href":"fntb2bcb512d.html","unavailable":true}},"copyright_text":"© 2014 Apple Inc. Tous droits réservés.","css":""}