{"framework":"apd-framework-8.4.6","title":"Kirjasinkirja-ohje","build_id":"537e4846680ce2cf3204dfd3","icon":"..\/GlobalArt\/AppIconDefault_FontBook.png","sections":{},"birdseed_version":3,"toc":["fntbcc65037b","fntbk1000","fntbk1003","fb34860","fntbk1001","fntb2bcb512d"],"locale":"fi","version":"10.10","enable_tracking":false,"source_schema":"apd-schema","platform":"mac","design":"default","build_date":"2014.05.22-11:57:49","landing":"fntbede246a6","product":"fontbook","urls":{},"copyright":"","topics":{"fb34860":{"name":"Kokoelmien ja kirjastojen luominen","href":"fb34860.html","unavailable":true},"fntbk1014":{"name":"Fonttien vieminen Kirjasinkirjasta","href":"fntbk1014.html","unavailable":true},"fntbk1004":{"name":"Kirjasinkirjan asetukset","href":"fntbk1004.html","unavailable":true},"fntbk1000":{"name":"Fonttien asentaminen ja katseleminen","href":"fntbk1000.html","unavailable":true},"fntbede246a6":{"name":"Kirjasinkirja-ohje","href":"fntbede246a6.html","categories":["landing"]},"fntbcc65037b":{"name":"Kirjasinkirjan yleiskatsaus","href":"fntbcc65037b.html","unavailable":true},"fntbk1003":{"name":"Fonttien varmistaminen","href":"fntbk1003.html","unavailable":true},"fntbk1001":{"name":"Fonttien tulostaminen","href":"fntbk1001.html","unavailable":true},"fb34862":{"name":"Jos fonttiongelmien ratkaiseminen ei onnistu","href":"fb34862.html","unavailable":true},"fntb2bcb512d":{"name":"Fonttien poistaminen tai poistaminen käytöstä","href":"fntb2bcb512d.html","unavailable":true}},"copyright_text":"© 2014 Apple Inc. Kaikki oikeudet pidätetään.","css":""}