{"framework":"apd-framework-8.6.1","title":"Lettertypecatalogus Help","build_id":"53fb8c410946226f4cd30fe4","icon":"..\/GlobalArt\/AppIconDefault_FontBook.png","sections":{},"birdseed_version":3,"toc":["fntbcc65037b","fntbk1000","fntbk1003","fb34860","fntbk1001","fntb2bcb512d"],"locale":"nl","version":"10.10","enable_tracking":false,"source_schema":"apd-schema","platform":"mac","design":"default","build_date":"2014.08.25-12:21:40","landing":"fntbede246a6","product":"fontbook","urls":{},"copyright":"","topics":{"fb34860":{"name":"Sets en bibliotheken maken","href":"fb34860.html","unavailable":true},"fntbk1014":{"name":"Lettertypen exporteren vanuit Lettertypecatalogus","href":"fntbk1014.html","unavailable":true},"fntbk1004":{"name":"Het voorkeurenvenster van Lettertypecatalogus","href":"fntbk1004.html","unavailable":true},"fntbk1000":{"name":"Lettertypen installeren en weergeven","href":"fntbk1000.html","unavailable":true},"fntbede246a6":{"name":"Lettertypecatalogus Help","href":"fntbede246a6.html","categories":["landing"]},"fntbcc65037b":{"name":"Overzicht Lettertypecatalogus","href":"fntbcc65037b.html","unavailable":true},"fntbk1003":{"name":"Lettertypen controleren","href":"fntbk1003.html","unavailable":true},"fntbk1001":{"name":"Lettertypen afdrukken","href":"fntbk1001.html","unavailable":true},"fb34862":{"name":"Standaardlettertypen herstellen","href":"fb34862.html","unavailable":true},"fntb2bcb512d":{"name":"Lettertypen verwijderen of uitschakelen","href":"fntb2bcb512d.html","unavailable":true}},"copyright_text":"© 2014 Apple Inc. Alle rechten voorbehouden.","css":""}