{"framework":"apd-framework-8.4.6","title":"Fontbok-hjelp","build_id":"537e4837680ce2cf3204def2","icon":"..\/GlobalArt\/AppIconDefault_FontBook.png","sections":{},"birdseed_version":3,"toc":["fntbcc65037b","fntbk1000","fntbk1003","fb34860","fntbk1001","fntb2bcb512d"],"locale":"nb","version":"10.10","enable_tracking":false,"source_schema":"apd-schema","platform":"mac","design":"default","build_date":"2014.05.22-11:56:32","landing":"fntbede246a6","product":"fontbook","urls":{},"copyright":"","topics":{"fb34860":{"name":"Opprett samlinger og biblioteker","href":"fb34860.html","unavailable":true},"fntbk1014":{"name":"Eksporter fonter fra Fontbok","href":"fntbk1014.html","unavailable":true},"fntbk1004":{"name":"Fontbok-valg","href":"fntbk1004.html","unavailable":true},"fntbk1000":{"name":"Installer og vis fonter","href":"fntbk1000.html","unavailable":true},"fntbede246a6":{"name":"Fontbok-hjelp","href":"fntbede246a6.html","categories":["landing"]},"fntbcc65037b":{"name":"Oversikt over Fontbok","href":"fntbcc65037b.html","unavailable":true},"fntbk1003":{"name":"Valider fonter","href":"fntbk1003.html","unavailable":true},"fntbk1001":{"name":"Skriv ut fonter","href":"fntbk1001.html","unavailable":true},"fb34862":{"name":"Hvis du ikke klarer å løse fontproblemer","href":"fb34862.html","unavailable":true},"fntb2bcb512d":{"name":"Fjern eller deaktiver fonter","href":"fntb2bcb512d.html","unavailable":true}},"copyright_text":"© 2014 Apple Inc. Alle rettigheter forbeholdes.","css":""}