{"framework":"apd-framework-8.4.6","title":"Hjælp til Skriftbog","build_id":"537e4839680ce2cf3204df16","icon":"..\/GlobalArt\/AppIconDefault_FontBook.png","sections":{},"birdseed_version":3,"toc":["fntbcc65037b","fntbk1000","fntbk1003","fb34860","fntbk1001","fntb2bcb512d"],"locale":"da","version":"10.10","enable_tracking":false,"source_schema":"apd-schema","platform":"mac","design":"default","build_date":"2014.05.22-11:56:45","landing":"fntbede246a6","product":"fontbook","urls":{},"copyright":"","topics":{"fb34860":{"name":"Opret samlinger og biblioteker","href":"fb34860.html","unavailable":true},"fntbk1014":{"name":"Eksporter skrifter fra Skriftbog","href":"fntbk1014.html","unavailable":true},"fntbk1004":{"name":"Indstillinger til Skriftbog","href":"fntbk1004.html","unavailable":true},"fntbk1000":{"name":"Installer og se skrifter","href":"fntbk1000.html","unavailable":true},"fntbede246a6":{"name":"Hjælp til Skriftbog","href":"fntbede246a6.html","categories":["landing"]},"fntbcc65037b":{"name":"Oversigt over Skriftbog","href":"fntbcc65037b.html","unavailable":true},"fntbk1003":{"name":"Kontroller skrifter","href":"fntbk1003.html","unavailable":true},"fntbk1001":{"name":"Udskriv skrifter","href":"fntbk1001.html","unavailable":true},"fb34862":{"name":"Hvis du ikke kan løse problemer med skrifter","href":"fb34862.html","unavailable":true},"fntb2bcb512d":{"name":"Fjern eller slå skrifter fra","href":"fntb2bcb512d.html","unavailable":true}},"copyright_text":"© 2014 Apple Inc. Alle rettigheder forbeholdes.","css":""}