{"framework":"apd-framework-8.4.6","title":"עזרה עבור פנקס הגופנים","build_id":"537e483b680ce2cf3204df31","icon":"..\/GlobalArt\/AppIconDefault_FontBook.png","sections":{},"birdseed_version":3,"toc":["fntbcc65037b","fntbk1000","fntbk1003","fb34860","fntbk1001","fntb2bcb512d"],"locale":"he","version":"10.10","enable_tracking":false,"source_schema":"apd-schema","platform":"mac","design":"default","build_date":"2014.05.22-11:56:49","landing":"fntbede246a6","product":"fontbook","urls":{},"copyright":"","topics":{"fb34860":{"name":"יצירת אוספים וספריות","href":"fb34860.html","unavailable":true},"fntbk1014":{"name":"ייצוא של גופנים מ״פנקס הגופנים״","href":"fntbk1014.html","unavailable":true},"fntbk1004":{"name":"העדפות פנקס הגופנים","href":"fntbk1004.html","unavailable":true},"fntbk1000":{"name":"התקנה והצגה של גופנים","href":"fntbk1000.html","unavailable":true},"fntbede246a6":{"name":"עזרה עבור פנקס הגופנים","href":"fntbede246a6.html","categories":["landing"]},"fntbcc65037b":{"name":"מבט כולל על פנקס הגופנים","href":"fntbcc65037b.html","unavailable":true},"fntbk1003":{"name":"וידוא תקינות גופנים","href":"fntbk1003.html","unavailable":true},"fntbk1001":{"name":"הדפסת גופנים","href":"fntbk1001.html","unavailable":true},"fb34862":{"name":"אם אינך מצליח\/ה לפתור בעיות בגופן","href":"fb34862.html","unavailable":true},"fntb2bcb512d":{"name":"הסרה או ביטול של גופנים","href":"fntb2bcb512d.html","unavailable":true}},"copyright_text":"© 2014 Apple בע״מ. כל הזכויות שמורות.","css":""}