{"framework":"apd-framework-8.4.6","title":"Schriftsammlung-Hilfe","build_id":"537e4839680ce2cf3204df0d","icon":"..\/GlobalArt\/AppIconDefault_FontBook.png","sections":{},"birdseed_version":3,"toc":["fntbcc65037b","fntbk1000","fntbk1003","fb34860","fntbk1001","fntb2bcb512d"],"locale":"de","version":"10.10","enable_tracking":false,"source_schema":"apd-schema","platform":"mac","design":"default","build_date":"2014.05.22-11:56:44","landing":"fntbede246a6","product":"fontbook","urls":{},"copyright":"","topics":{"fb34860":{"name":"Erstellen von Sammlungen und Bibliotheken","href":"fb34860.html","unavailable":true},"fntbk1014":{"name":"Exportieren von Schriften aus der Schriftsammlung","href":"fntbk1014.html","unavailable":true},"fntbk1004":{"name":"Einstellungen für die Schriftsammlung","href":"fntbk1004.html","unavailable":true},"fntbk1000":{"name":"Installieren und Anzeigen von Schriften","href":"fntbk1000.html","unavailable":true},"fntbede246a6":{"name":"Schriftsammlung-Hilfe","href":"fntbede246a6.html","categories":["landing"]},"fntbcc65037b":{"name":"Schriftsammlung – Übersicht","href":"fntbcc65037b.html","unavailable":true},"fntbk1003":{"name":"Überprüfen von Schriften","href":"fntbk1003.html","unavailable":true},"fntbk1001":{"name":"Drucken von Schriften","href":"fntbk1001.html","unavailable":true},"fb34862":{"name":"Sie können Probleme mit Schriften nicht selbst beheben","href":"fb34862.html","unavailable":true},"fntb2bcb512d":{"name":"Entfernen oder Deaktivieren von Schriften","href":"fntb2bcb512d.html","unavailable":true}},"copyright_text":"© 2014 Apple Inc. Alle Rechte vorbehalten.","css":""}