{"framework":"apd-framework-8.4.6","title":"Довідка Книги шрифтів","build_id":"537e4849680ce2cf3204e000","icon":"..\/GlobalArt\/AppIconDefault_FontBook.png","sections":{},"birdseed_version":3,"toc":["fntbcc65037b","fntbk1000","fntbk1003","fb34860","fntbk1001","fntb2bcb512d"],"locale":"uk","version":"10.10","enable_tracking":false,"source_schema":"apd-schema","platform":"mac","design":"default","build_date":"2014.05.22-11:58:02","landing":"fntbede246a6","product":"fontbook","urls":{},"copyright":"","topics":{"fb34860":{"name":"Створення колекцій і бібліотек","href":"fb34860.html","unavailable":true},"fntbk1014":{"name":"Експортування шрифтів із Книги шрифтів","href":"fntbk1014.html","unavailable":true},"fntbk1004":{"name":"Параметри Книги шрифтів","href":"fntbk1004.html","unavailable":true},"fntbk1000":{"name":"Інсталювання та перегляд шрифтів","href":"fntbk1000.html","unavailable":true},"fntbede246a6":{"name":"Довідка Книги шрифтів","href":"fntbede246a6.html","categories":["landing"]},"fntbcc65037b":{"name":"Огляд Книги шрифтів","href":"fntbcc65037b.html","unavailable":true},"fntbk1003":{"name":"Перевірка шрифтів","href":"fntbk1003.html","unavailable":true},"fntbk1001":{"name":"Друк шрифтів","href":"fntbk1001.html","unavailable":true},"fb34862":{"name":"Проблеми зі шрифтами","href":"fb34862.html","unavailable":true},"fntb2bcb512d":{"name":"Видалення або вимкнення шрифтів","href":"fntb2bcb512d.html","unavailable":true}},"copyright_text":"© Apple Inc., 2014. Всі права захищені.","css":""}