{"framework":"apd-framework-8.4.6","title":"Ajuda do Catálogo Tipográfico","build_id":"537e4841680ce2cf3204df8b","icon":"..\/GlobalArt\/AppIconDefault_FontBook.png","sections":{},"birdseed_version":3,"toc":["fntbcc65037b","fntbk1000","fntbk1003","fb34860","fntbk1001","fntb2bcb512d"],"locale":"pt-pt","version":"10.10","enable_tracking":false,"source_schema":"apd-schema","platform":"mac","design":"default","build_date":"2014.05.22-12:04:12","landing":"fntbede246a6","product":"fontbook","urls":{},"copyright":"","topics":{"fb34860":{"name":"Criar colecções e bibliotecas","href":"fb34860.html","unavailable":true},"fntbk1014":{"name":"Exportar tipos de letra a partir do Catálogo Tipográfico","href":"fntbk1014.html","unavailable":true},"fntbk1004":{"name":"Preferências do Catálogo Tipográfico","href":"fntbk1004.html","unavailable":true},"fntbk1000":{"name":"Instalar e visualizar tipos de letra","href":"fntbk1000.html","unavailable":true},"fntbede246a6":{"name":"Ajuda do Catálogo Tipográfico","href":"fntbede246a6.html","categories":["landing"]},"fntbcc65037b":{"name":"Visão geral do Catálogo Tipográfico","href":"fntbcc65037b.html","unavailable":true},"fntbk1003":{"name":"Validar tipos de letra","href":"fntbk1003.html","unavailable":true},"fntbk1001":{"name":"Imprimir tipos de letra","href":"fntbk1001.html","unavailable":true},"fb34862":{"name":"Se não for possível resolver problemas com tipos de letra","href":"fb34862.html","unavailable":true},"fntb2bcb512d":{"name":"Remover ou desactivar tipos de letra","href":"fntb2bcb512d.html","unavailable":true}},"copyright_text":"© 2014 Apple Inc. Todos os direitos reservados.","css":""}