{"framework":"apd-framework-8.4.6","title":"字體簿輔助說明","build_id":"537e4841680ce2cf3204df94","icon":"..\/GlobalArt\/AppIconDefault_FontBook.png","sections":{},"birdseed_version":3,"toc":["fntbcc65037b","fntbk1000","fntbk1003","fb34860","fntbk1001","fntb2bcb512d"],"locale":"zh-tw","version":"10.10","enable_tracking":false,"source_schema":"apd-schema","platform":"mac","design":"default","build_date":"2014.05.22-11:57:25","landing":"fntbede246a6","product":"fontbook","urls":{},"copyright":"","topics":{"fb34860":{"name":"製作字體集和資源庫","href":"fb34860.html","unavailable":true},"fntbk1014":{"name":"從字體簿輸出字體","href":"fntbk1014.html","unavailable":true},"fntbk1004":{"name":"字體簿偏好設定","href":"fntbk1004.html","unavailable":true},"fntbk1000":{"name":"安裝和檢視字體","href":"fntbk1000.html","unavailable":true},"fntbede246a6":{"name":"字體簿輔助說明","href":"fntbede246a6.html","categories":["landing"]},"fntbcc65037b":{"name":"字體簿概觀","href":"fntbcc65037b.html","unavailable":true},"fntbk1003":{"name":"驗證字體","href":"fntbk1003.html","unavailable":true},"fntbk1001":{"name":"列印字體","href":"fntbk1001.html","unavailable":true},"fb34862":{"name":"如果您無法解決字體問題","href":"fb34862.html","unavailable":true},"fntb2bcb512d":{"name":"移除或停用字體","href":"fntb2bcb512d.html","unavailable":true}},"copyright_text":"© 2014 Apple Inc. 保留一切權利。","css":""}