{"framework":"apd-framework-8.4.6","title":"서체 관리자 도움말","build_id":"537e4847680ce2cf3204dfe5","icon":"..\/GlobalArt\/AppIconDefault_FontBook.png","sections":{},"birdseed_version":3,"toc":["fntbcc65037b","fntbk1000","fntbk1003","fb34860","fntbk1001","fntb2bcb512d"],"locale":"ko","version":"10.10","enable_tracking":false,"source_schema":"apd-schema","platform":"mac","design":"default","build_date":"2014.05.22-12:04:43","landing":"fntbede246a6","product":"fontbook","urls":{},"copyright":"","topics":{"fb34860":{"name":"모음 및 보관함 생성하기","href":"fb34860.html","unavailable":true},"fntbk1014":{"name":"서체 관리자에서 서체 보내기","href":"fntbk1014.html","unavailable":true},"fntbk1004":{"name":"서체 관리자 환경설정","href":"fntbk1004.html","unavailable":true},"fntbk1000":{"name":"서체 설치 및 보기","href":"fntbk1000.html","unavailable":true},"fntbede246a6":{"name":"서체 관리자 도움말","href":"fntbede246a6.html","categories":["landing"]},"fntbcc65037b":{"name":"서체 관리자 개요","href":"fntbcc65037b.html","unavailable":true},"fntbk1003":{"name":"서체 유효성 확인하기","href":"fntbk1003.html","unavailable":true},"fntbk1001":{"name":"서체 프린트하기","href":"fntbk1001.html","unavailable":true},"fb34862":{"name":"서체 문제를 해결할 수 없습니다","href":"fb34862.html","unavailable":true},"fntb2bcb512d":{"name":"서체 제거 또는 비활성화하기","href":"fntb2bcb512d.html","unavailable":true}},"copyright_text":"© 2014 Apple Inc. 모든 권리 보유.","css":""}