{"framework":"apd-framework-8.4.6","title":"Bantuan Buku Fon","build_id":"537e483f680ce2cf3204df67","icon":"..\/GlobalArt\/AppIconDefault_FontBook.png","sections":{},"birdseed_version":3,"toc":["fntbcc65037b","fntbk1000","fntbk1003","fb34860","fntbk1001","fntb2bcb512d"],"locale":"id","version":"10.10","enable_tracking":false,"source_schema":"apd-schema","platform":"mac","design":"default","build_date":"2014.05.22-11:57:12","landing":"fntbede246a6","product":"fontbook","urls":{},"copyright":"","topics":{"fb34860":{"name":"Membuat koleksi dan perpustakaan","href":"fb34860.html","unavailable":true},"fntbk1014":{"name":"Mengekspor fon dari Buku Fon","href":"fntbk1014.html","unavailable":true},"fntbk1004":{"name":"Preferensi Buku Fon","href":"fntbk1004.html","unavailable":true},"fntbk1000":{"name":"Menginstal dan melihat fon","href":"fntbk1000.html","unavailable":true},"fntbede246a6":{"name":"Bantuan Buku Fon","href":"fntbede246a6.html","categories":["landing"]},"fntbcc65037b":{"name":"Tinjauan Buku Fon","href":"fntbcc65037b.html","unavailable":true},"fntbk1003":{"name":"Memvalidasi fon","href":"fntbk1003.html","unavailable":true},"fntbk1001":{"name":"Mencetak fon","href":"fntbk1001.html","unavailable":true},"fb34862":{"name":"Jika Anda tidak dapat menyelesaikan masalah fon","href":"fb34862.html","unavailable":true},"fntb2bcb512d":{"name":"Menghapus atau menonaktifkan fon","href":"fntb2bcb512d.html","unavailable":true}},"copyright_text":"© 2014 Apple Inc. Semua hak cipta dilindungi undang-undang.","css":""}