{"framework":"apd-framework-8.4.6","title":"Ajuda Catàleg Tipogràfic","build_id":"537e483a680ce2cf3204df28","icon":"..\/GlobalArt\/AppIconDefault_FontBook.png","sections":{},"birdseed_version":3,"toc":["fntbcc65037b","fntbk1000","fntbk1003","fb34860","fntbk1001","fntb2bcb512d"],"locale":"ca","version":"10.10","enable_tracking":false,"source_schema":"apd-schema","platform":"mac","design":"default","build_date":"2014.05.22-12:03:42","landing":"fntbede246a6","product":"fontbook","urls":{},"copyright":"","topics":{"fb34860":{"name":"Crear col·leccions i biblioteques","href":"fb34860.html","unavailable":true},"fntbk1014":{"name":"Exportar tipus de lletra del Catàleg Tipogràfic","href":"fntbk1014.html","unavailable":true},"fntbk1004":{"name":"Preferències del Catàleg Tipogràfic","href":"fntbk1004.html","unavailable":true},"fntbk1000":{"name":"Instal·lar i veure tipus de lletra","href":"fntbk1000.html","unavailable":true},"fntbede246a6":{"name":"Ajuda Catàleg Tipogràfic","href":"fntbede246a6.html","categories":["landing"]},"fntbcc65037b":{"name":"Resum del Catàleg Tipogràfic","href":"fntbcc65037b.html","unavailable":true},"fntbk1003":{"name":"Validar tipus de lletra","href":"fntbk1003.html","unavailable":true},"fntbk1001":{"name":"Imprimir tipus de lletra","href":"fntbk1001.html","unavailable":true},"fb34862":{"name":"Si no podeu resoldre problemes de tipus de lletra","href":"fb34862.html","unavailable":true},"fntb2bcb512d":{"name":"Eliminar o desactivar tipus de lletra","href":"fntb2bcb512d.html","unavailable":true}},"copyright_text":"© 2014 Apple Inc. Tots els drets reservats.","css":""}