{"framework":"apd-framework-8.4.6","title":"A Betűtár súgója","build_id":"537e4849680ce2cf3204dff7","icon":"..\/GlobalArt\/AppIconDefault_FontBook.png","sections":{},"birdseed_version":3,"toc":["fntbcc65037b","fntbk1000","fntbk1003","fb34860","fntbk1001","fntb2bcb512d"],"locale":"hu","version":"10.10","enable_tracking":false,"source_schema":"apd-schema","platform":"mac","design":"default","build_date":"2014.05.22-11:57:57","landing":"fntbede246a6","product":"fontbook","urls":{},"copyright":"","topics":{"fb34860":{"name":"Gyűjtemények és könyvtárak létrehozása","href":"fb34860.html","unavailable":true},"fntbk1014":{"name":"Betűtípusok nyomtatása a Betűtárból","href":"fntbk1014.html","unavailable":true},"fntbk1004":{"name":"Betűtár-beállítások","href":"fntbk1004.html","unavailable":true},"fntbk1000":{"name":"Betűtípusok telepítése és megtekintése","href":"fntbk1000.html","unavailable":true},"fntbede246a6":{"name":"A Betűtár súgója","href":"fntbede246a6.html","categories":["landing"]},"fntbcc65037b":{"name":"A Betűtár áttekintése","href":"fntbcc65037b.html","unavailable":true},"fntbk1003":{"name":"Betűk érvényesítése","href":"fntbk1003.html","unavailable":true},"fntbk1001":{"name":"Betűtípusok nyomtatása","href":"fntbk1001.html","unavailable":true},"fb34862":{"name":"Ha nem sikerül megoldania egy betűtípusokkal kapcsolatos problémát","href":"fb34862.html","unavailable":true},"fntb2bcb512d":{"name":"Betűtípusok eltávolítása és letiltása","href":"fntb2bcb512d.html","unavailable":true}},"copyright_text":"© 2014 Apple Inc. Minden jog fenntartva.","css":""}