{"framework":"apd-framework-8.4.6","title":"Nápověda pro Knihu písem","build_id":"537e4840680ce2cf3204df79","icon":"..\/GlobalArt\/AppIconDefault_FontBook.png","sections":{},"birdseed_version":3,"toc":["fntbcc65037b","fntbk1000","fntbk1003","fb34860","fntbk1001","fntb2bcb512d"],"locale":"cs","version":"10.10","enable_tracking":false,"source_schema":"apd-schema","platform":"mac","design":"default","build_date":"2014.05.22-11:57:17","landing":"fntbede246a6","product":"fontbook","urls":{},"copyright":"","topics":{"fb34860":{"name":"Vytváření sbírek a knihoven","href":"fb34860.html","unavailable":true},"fntbk1014":{"name":"Export písem z Knihy písem","href":"fntbk1014.html","unavailable":true},"fntbk1004":{"name":"Předvolby pro Knihu písem","href":"fntbk1004.html","unavailable":true},"fntbk1000":{"name":"Instalace a prohlížení písem","href":"fntbk1000.html","unavailable":true},"fntbede246a6":{"name":"Nápověda pro Knihu písem","href":"fntbede246a6.html","categories":["landing"]},"fntbcc65037b":{"name":"Přehled Knihy písem","href":"fntbcc65037b.html","unavailable":true},"fntbk1003":{"name":"Ověření písem","href":"fntbk1003.html","unavailable":true},"fntbk1001":{"name":"Tisk písem","href":"fntbk1001.html","unavailable":true},"fb34862":{"name":"Nelze-li vyřešit potíže s písmy","href":"fb34862.html","unavailable":true},"fntb2bcb512d":{"name":"Odstranění a vypnutí písem","href":"fntb2bcb512d.html","unavailable":true}},"copyright_text":"© 2014 Apple Inc. Všechna práva vyhrazena.","css":""}