{"framework":"apd-framework-8.4.6","title":"วิธีใช้สมุดแบบอักษร","build_id":"537e4835680ce2cf3204dee0","icon":"..\/GlobalArt\/AppIconDefault_FontBook.png","sections":{},"birdseed_version":3,"toc":["fntbcc65037b","fntbk1000","fntbk1003","fb34860","fntbk1001","fntb2bcb512d"],"locale":"th","version":"10.10","enable_tracking":false,"source_schema":"apd-schema","platform":"mac","design":"default","build_date":"2014.05.22-11:56:29","landing":"fntbede246a6","product":"fontbook","urls":{},"copyright":"","topics":{"fb34860":{"name":"สร้างชุดรวมและคลัง","href":"fb34860.html","unavailable":true},"fntbk1014":{"name":"ส่งออกแบบอักษรจากสมุดแบบอักษร","href":"fntbk1014.html","unavailable":true},"fntbk1004":{"name":"การตั้งค่าสมุดแบบอักษร","href":"fntbk1004.html","unavailable":true},"fntbk1000":{"name":"ติดตั้งและดูแบบอักษร","href":"fntbk1000.html","unavailable":true},"fntbede246a6":{"name":"วิธีใช้สมุดแบบอักษร","href":"fntbede246a6.html","categories":["landing"]},"fntbcc65037b":{"name":"ภาพรวมสมุดแบบอักษร","href":"fntbcc65037b.html","unavailable":true},"fntbk1003":{"name":"การตรวจสอบแบบอักษร","href":"fntbk1003.html","unavailable":true},"fntbk1001":{"name":"พิมพ์แบบอักษร","href":"fntbk1001.html","unavailable":true},"fb34862":{"name":"หากคุณไม่สามารถแก้ไขปัญหาแบบอักษรได้","href":"fb34862.html","unavailable":true},"fntb2bcb512d":{"name":"เอาออกหรือปิดใช้งานแบบอักษร","href":"fntb2bcb512d.html","unavailable":true}},"copyright_text":"© 2014 Apple Inc สงวนลิขสิทธิ์","css":""}