{"framework":"apd-framework-8.4.6","title":"مساعدة دفتر الخطوط","build_id":"537e4848680ce2cf3204dfee","icon":"..\/GlobalArt\/AppIconDefault_FontBook.png","sections":{},"birdseed_version":3,"toc":["fntbcc65037b","fntbk1000","fntbk1003","fb34860","fntbk1001","fntb2bcb512d"],"locale":"ar","version":"10.10","enable_tracking":false,"source_schema":"apd-schema","platform":"mac","design":"default","build_date":"2014.05.22-11:57:52","landing":"fntbede246a6","product":"fontbook","urls":{},"copyright":"","topics":{"fb34860":{"name":"إنشاء المجموعات والمكتبات","href":"fb34860.html","unavailable":true},"fntbk1014":{"name":"تصدير الخطوط من دفتر الخطوط","href":"fntbk1014.html","unavailable":true},"fntbk1004":{"name":"تفضيلات Font Book","href":"fntbk1004.html","unavailable":true},"fntbk1000":{"name":"تثبيت الخطوط وعرضها","href":"fntbk1000.html","unavailable":true},"fntbede246a6":{"name":"مساعدة دفتر الخطوط","href":"fntbede246a6.html","categories":["landing"]},"fntbcc65037b":{"name":"تفضيلات دفتر الخطوط","href":"fntbcc65037b.html","unavailable":true},"fntbk1003":{"name":"التحقق من صحة الخطوط","href":"fntbk1003.html","unavailable":true},"fntbk1001":{"name":"طباعة الخطوط","href":"fntbk1001.html","unavailable":true},"fb34862":{"name":"إذا لم تتمكن من حل مشاكل الخطوط","href":"fb34862.html","unavailable":true},"fntb2bcb512d":{"name":"إزالة أو تعطيل الخطوط","href":"fntb2bcb512d.html","unavailable":true}},"copyright_text":"‎© 2014 Apple Inc.‎‏ كافة الحقوق محفوظة.‏","css":""}