{"framework":"apd-framework-8.4.6","title":"Trợ giúp Sổ quản lý Phông chữ","build_id":"537e4836680ce2cf3204dee9","icon":"..\/GlobalArt\/AppIconDefault_FontBook.png","sections":{},"birdseed_version":3,"toc":["fntbcc65037b","fntbk1000","fntbk1003","fb34860","fntbk1001","fntb2bcb512d"],"locale":"vi","version":"10.10","enable_tracking":false,"source_schema":"apd-schema","platform":"mac","design":"default","build_date":"2014.05.22-11:56:24","landing":"fntbede246a6","product":"fontbook","urls":{},"copyright":"","topics":{"fb34860":{"name":"Tạo bộ sưu tập và thư viện","href":"fb34860.html","unavailable":true},"fntbk1014":{"name":"Xuất phông chữ từ Sổ quản lý Phông chữ","href":"fntbk1014.html","unavailable":true},"fntbk1004":{"name":"Tùy chọn Sổ quản lý Phông chữ","href":"fntbk1004.html","unavailable":true},"fntbk1000":{"name":"Cài đặt và xem phông chữ","href":"fntbk1000.html","unavailable":true},"fntbede246a6":{"name":"Trợ giúp Sổ quản lý Phông chữ","href":"fntbede246a6.html","categories":["landing"]},"fntbcc65037b":{"name":"Tổng quan Sổ quản lý Phông chữ","href":"fntbcc65037b.html","unavailable":true},"fntbk1003":{"name":"Xác thực phông chữ","href":"fntbk1003.html","unavailable":true},"fntbk1001":{"name":"In phông chữ","href":"fntbk1001.html","unavailable":true},"fb34862":{"name":"Nếu bạn không thể xử lý sự cố về phông chữ","href":"fb34862.html","unavailable":true},"fntb2bcb512d":{"name":"Bật hoặc tắt phông chữ","href":"fntb2bcb512d.html","unavailable":true}},"copyright_text":"© 2014 Apple Inc. Mọi quyền được bảo lưu.","css":""}