{"framework":"apd-framework-8.4.6","title":"Справка Шрифтов","build_id":"537e483c680ce2cf3204df43","icon":"..\/GlobalArt\/AppIconDefault_FontBook.png","sections":{},"birdseed_version":3,"toc":["fntbcc65037b","fntbk1000","fntbk1003","fb34860","fntbk1001","fntb2bcb512d"],"locale":"ru","version":"10.10","enable_tracking":false,"source_schema":"apd-schema","platform":"mac","design":"default","build_date":"2014.05.22-11:57:00","landing":"fntbede246a6","product":"fontbook","urls":{},"copyright":"","topics":{"fb34860":{"name":"Создание коллекций и библиотек","href":"fb34860.html","unavailable":true},"fntbk1014":{"name":"Экспорт шрифтов в программе «Шрифты»","href":"fntbk1014.html","unavailable":true},"fntbk1004":{"name":"Настройки программы «Шрифты»","href":"fntbk1004.html","unavailable":true},"fntbk1000":{"name":"Установка и просмотр шрифтов","href":"fntbk1000.html","unavailable":true},"fntbede246a6":{"name":"Справка Шрифтов","href":"fntbede246a6.html","categories":["landing"]},"fntbcc65037b":{"name":"Общие сведения о программе «Шрифты»","href":"fntbcc65037b.html","unavailable":true},"fntbk1003":{"name":"Проверка шрифтов","href":"fntbk1003.html","unavailable":true},"fntbk1001":{"name":"Печать шрифтов","href":"fntbk1001.html","unavailable":true},"fb34862":{"name":"Если не удается устранить неполадки, связанные со шрифтами","href":"fb34862.html","unavailable":true},"fntb2bcb512d":{"name":"Удаление или отключение шрифтов","href":"fntb2bcb512d.html","unavailable":true}},"copyright_text":"© 2014 Apple Inc. Все права защищены.","css":""}